Journal,2023_Ratio,2023_TotalPapers,2023_YesCount,Total_Ratio,Total_TotalPapers,Total_YesCount
Nature Nanotechnology,0.155737705,244,38,0.155737705,244,38
Advanced Materials,0.057219791,2971,170,0.057219791,2971,170
ACS Nano,0.059891998,2037,122,0.059891998,2037,122
ACS Applied Materials & Interfaces,0.014987182,5071,76,0.014987182,5071,76
Nanotechnology,0.009864365,811,8,0.009864365,811,8
Beilstein Journal of Nanotechnology,0.01,100,1,0.01,100,1
