Journal,Publisher,2023 Score,2023 Total,2023 Elite,Score,Total,Elite
Nature Nanotechnology,Nature,0.155737705,244,38,0.155737705,244,38
Advanced Materials,Wiley,0.057219791,2971,170,0.057219791,2971,170
ACS Nano,ACS,0.059891998,2037,122,0.059891998,2037,122
ACS Applied Materials & Interfaces,ACS,0.014987182,5071,76,0.014987182,5071,76
Nanotechnology,IOP,0.009864365,811,8,0.009864365,811,8
Beilstein Journal of Nanotechnology,Beilstein Institute,0.01,100,1,0.01,100,1
